nwdate,delta_Unemployment1,delta_Mortgage_rate1,delta_House_Price_Index__Level1,delta_Unemployment3,delta_Mortgage_rate3,delta_House_Price_Index__Level3,delta_Unemployment6,delta_Mortgage_rate6,delta_House_Price_Index__Level6,delta_Unemployment9,delta_Mortgage_rate9,delta_House_Price_Index__Level9,delta_Unemployment12,delta_Mortgage_rate12,delta_House_Price_Index__Level12,delta_Unemployment15,delta_Mortgage_rate15,delta_House_Price_Index__Level15,delta_Unemployment18,delta_Mortgage_rate18,delta_House_Price_Index__Level18,delta_Unemployment21,delta_Mortgage_rate21,delta_House_Price_Index__Level21,delta_Unemployment24,delta_Mortgage_rate24,delta_House_Price_Index__Level24
Jan-01,,,,,,,,,,,,,,,,,,,,,,,,,,,
Feb-01,0.0289951,0.0216458,0.00433446,,,,,,,,,,,,,,,,,,,,,,,,
Mar-01,0.017408,0.011556,0.00496213,,,,,,,,,,,,,,,,,,,,,,,,
Apr-01,0.0120611,0.00371727,0.00566405,0.0584642,0.0369191,0.0149606,,,,,,,,,,,,,,,,,,,,,
May-01,0.0115687,-0.0029004,0.00610663,0.0410378,0.0123728,0.0167328,,,,,,,,,,,,,,,,,,,,,
Jun-01,0.0164653,-0.0076808,0.00643563,0.0400952,-0.006864,0.0182063,,,,,,,,,,,,,,,,,,,,,
Jul-01,0.0264631,-0.010763,0.00666146,0.0544971,-0.021344,0.0192037,0.112961297,0.0155749,0.0341644,,,,,,,,,,,,,,,,,,
Aug-01,0.0413889,-0.012238,0.00689214,0.084317282,-0.030682,0.0199892,0.125355088,-0.018309,0.036722,,,,,,,,,,,,,,,,,,
Sep-01,0.0538612,-0.011122,0.00677016,0.121713107,-0.034123,0.0203238,0.161808281,-0.040987,0.0385301,,,,,,,,,,,,,,,,,,
Oct-01,0.0538413,-0.0069003,0.00654928,0.149091347,-0.03026,0.0202116,0.203588479,-0.051604,0.0394153,0.262052643,-0.014685,0.0543759,,,,,,,,,,,,,,,
Nov-01,0.0397303,0.000854841,0.00610586,0.147432762,-0.017167,0.0194253,0.231750044,-0.047849,0.0394145,0.272787851,-0.035476,0.0561473,,,,,,,,,,,,,,,
Dec-01,0.0182973,0.0100495,0.00565823,0.111868866,0.00400405,0.0183134,0.233581973,-0.030119,0.0386371,0.273677147,-0.036982,0.0568434,,,,,,,,,,,,,,,
Jan-02,0.00501376,0.0142191,0.00597908,0.063041308,0.0251234,0.0177432,0.212132655,-0.0051364,0.0379548,0.266629788,-0.026481,0.0571585,0.325093952,0.0104385,0.072119104,,,,,,,,,,,,
Feb-02,0.00342433,0.0106684,0.00670703,0.0267353,0.034937,0.0183443,0.174168109,0.0177701,0.0377696,0.258485391,-0.012912,0.0577589,0.299523197,-0.0005389,0.074491677,,,,,,,,,,,,
Mar-02,0.0093498,0.00237843,0.0081993,0.0177879,0.027266,0.0208854,0.129656774,0.0312701,0.0391987,0.25136988,-0.0028525,0.0595225,0.291465054,-0.009716,0.077728807,,,,,,,,,,,,
Apr-02,0.0108512,-0.008511,0.0094775,0.0236253,0.00453562,0.0243838,0.086666639,0.0296591,0.042127,0.235757986,-0.00060082,0.0623386,0.290255119,-0.021945,0.08154229,0.348719283,0.0149741,0.096502918,,,,,,,,,
May-02,0.00325391,-0.021738,0.0096606,0.0234549,-0.027871,0.0273374,0.0501903,0.00706605,0.0456817,0.197623017,-0.010101,0.065107027,0.281940298,-0.040783,0.085096266,0.322978105,-0.02841,0.101829064,,,,,,,,,
Jun-02,-0.008922,-0.034541,0.0091596,0.0051833,-0.064789987,0.0282978,0.0229712,-0.037524,0.0491831,0.134840073,-0.03352,0.067496513,0.25655318,-0.067642506,0.087820279,0.296648354,-0.074506476,0.106026586,,,,,,,,,
Jul-02,-0.013135,-0.038592,0.0084442,-0.018803,-0.09487041,0.0272645,0.00482234,-0.090334794,0.0516483,0.067863651,-0.065211351,0.06939147,0.216954998,-0.095471229,0.089603053,0.27145213,-0.116815428,0.108806778,0.329916295,-0.079896328,0.123767406,,,,,,
Aug-02,-0.0046724,-0.029891,0.00779936,-0.026729,-0.103023611,0.0254032,-0.0032744,-0.130894605,0.0527406,0.023461,-0.095957558,0.071084973,0.170893741,-0.113124483,0.090510271,0.255211023,-0.143806349,0.11049951,0.296248829,-0.131433508,0.127232308,,,,,,
Sep-02,0.0114845,-0.010813,0.00695813,-0.006323,-0.079295779,0.0232017,-0.0011397,-0.144085766,0.0514995,0.0166482,-0.116819756,0.07238487,0.128517088,-0.112815711,0.090698239,0.250230195,-0.146938285,0.111022005,0.290325369,-0.153802254,0.129228312,,,,,,
Oct-02,0.0190519,0.00163802,0.00661217,0.025864,-0.039066,0.0213697,0.00706103,-0.133936486,0.0486341,0.0306864,-0.129400869,0.073017959,0.093727668,-0.104277426,0.090761128,0.242819015,-0.134537305,0.110972711,0.297316147,-0.155881504,0.130176436,0.355780311,-0.118962404,0.145137064,,,
Nov-02,0.013689,0.00247417,0.00671953,0.0442254,-0.0067005,0.0202898,0.0174961,-0.109724152,0.0456931,0.040951,-0.137595145,0.073030456,0.067686396,-0.102658098,0.091374798,0.215119158,-0.119825023,0.110800096,0.29943644,-0.150506889,0.130789335,0.340474246,-0.138134048,0.147522133,,,
Dec-02,0.000540025,-0.0060381,0.00710835,0.0332809,-0.0019259,0.0204401,0.026958,-0.081221678,0.0436418,0.0321413,-0.146011665,0.071939555,0.0499292,-0.118745655,0.09282492,0.161798032,-0.11474161,0.111138289,0.283511139,-0.148864184,0.131462055,0.323606313,-0.155728153,0.149668362,,,
Jan-03,-0.0063338,-0.017358,0.00739419,0.0078953,-0.020922,0.0212221,0.0337593,-0.059988,0.0425917,0.0149563,-0.154858098,0.06985622,0.0385816,-0.150322482,0.094240034,0.101622944,-0.125199039,0.111983202,0.250714291,-0.155458917,0.132194786,0.305211424,-0.176803116,0.15139851,0.363675588,-0.139884017,0.166359138
Feb-03,-0.0022868,-0.027452,0.00684722,-0.008081,-0.050848,0.0213498,0.0361449,-0.057548,0.0416396,0.0094156,-0.160571727,0.067042837,0.0328705,-0.188442721,0.094380224,0.0596059,-0.153505674,0.112724566,0.207038644,-0.170672599,0.132149863,0.291355926,-0.201354465,0.152139103,0.332393733,-0.188981624,0.168871901
Mar-03,0.0083548,-0.035557,0.00650758,-0.00026571,-0.080366054,0.020749,0.0330152,-0.082291952,0.041189,0.0266922,-0.161587731,0.064390766,0.0318755,-0.226377718,0.092688544,0.0496635,-0.199111709,0.11357391,0.161532318,-0.195107664,0.131887279,0.283245424,-0.229230237,0.152211045,0.323340598,-0.236094207,0.170417351
Apr-03,0.0155504,-0.030178,0.00682118,0.0216185,-0.093185919,0.020176,0.0295138,-0.114107531,0.0413981,0.0553778,-0.153173607,0.062767712,0.0365748,-0.248044017,0.0900322,0.0602001,-0.243508401,0.114416013,0.12324145,-0.218384958,0.132159182,0.272332797,-0.248644836,0.152370765,0.32682993,-0.269989035,0.17157449
May-03,0.0151471,-0.0023898,0.00755768,0.0390523,-0.068123887,0.0208864,0.0309718,-0.118971463,0.0422362,0.07519724,-0.125672003,0.062526034,0.048468,-0.228695615,0.087929278,0.071922872,-0.256566609,0.115266665,0.098658219,-0.221629561,0.133611007,0.246090981,-0.238796486,0.153036305,0.330408263,-0.269478352,0.173025544
Jun-03,0.0087995,0.0353319,0.008726,0.039497,0.00276455,0.0231049,0.0392313,-0.077601501,0.0438539,0.072512213,-0.0795274,0.064293935,0.066189228,-0.158823179,0.087495661,0.071372527,-0.223613165,0.115793439,0.089160435,-0.196347156,0.136678805,0.201029301,-0.192343111,0.154992174,0.322742408,-0.226465685,0.17531594
Jul-03,0.00047886,0.0514496,0.0097716,0.0244254,0.084391752,0.0260553,0.0460439,-0.008794,0.0462313,0.0539392,-0.029716,0.067453369,0.079803194,-0.068781856,0.088823027,0.0610002,-0.163652265,0.116087515,0.084625537,-0.159116649,0.140471329,0.147666845,-0.133993206,0.158214497,0.296758192,-0.164253084,0.178426081
Aug-03,-0.008731,0.0395033,0.0106686,0.00054721,0.126284817,0.0291662,0.0395995,0.0581609,0.0500526,0.031519,0.00731335,0.071402401,0.075744451,0.000612814,0.091692226,0.0490152,-0.102410797,0.11709547,0.072470083,-0.130281791,0.144432857,0.099205429,-0.095344744,0.162777198,0.246638192,-0.112511669,0.182202496
Sep-03,-0.017145,0.0089284,0.0109661,-0.025397,0.099881379,0.0314062,0.0141,0.102645932,0.0545111,0.0138343,0.0222799,0.075260118,0.0471152,0.020354,0.095700168,0.0407922,-0.058942,0.118901894,0.0459755,-0.123731786,0.147199673,0.063763457,-0.096465777,0.168085038,0.175632323,-0.092461732,0.186398407
Oct-03,-0.020796,-0.017144,0.0113484,-0.046671,0.0312874,0.032983,-0.022246,0.11567919,0.0590383,-0.00062751,0.0224933,0.079214278,0.00726776,0.00157166,0.100436353,0.0331318,-0.037494,0.121806011,0.0143288,-0.132364827,0.149070498,0.0379541,-0.12782921,0.173454312,0.100995432,-0.102705767,0.191197481
Nov-03,-0.017829,-0.033764,0.0116923,-0.05577,-0.04198,0.0340068,-0.055223,0.084305166,0.063172968,-0.01617,0.0161813,0.084059409,-0.024251,-0.034666,0.105409177,0.0199747,-0.041367,0.125699002,-0.0067546,-0.144390448,0.151102246,0.0167003,-0.172261442,0.178439634,0.0434357,-0.137324395,0.196783975
Dec-03,-0.009873,-0.03967,0.0120694,-0.048498,-0.090577832,0.0351101,-0.073895097,0.0093035,0.066516365,-0.034398,0.0120681,0.08962126,-0.034664,-0.068297954,0.110370249,-0.0013829,-0.070223853,0.130810299,-0.0077059,-0.149519632,0.154012025,-0.0025226,-0.214309619,0.182309804,0.0152653,-0.187043609,0.20319517
Jan-04,-0.0035317,-0.02902,0.0128572,-0.031234,-0.102453301,0.0366189,-0.077905703,-0.071165862,0.069601913,-0.05348,0.0132259,0.095657229,-0.031862,-0.07996003,0.115833208,-0.023967,-0.100881642,0.137055283,0.00189749,-0.139947718,0.158424941,-0.016905,-0.234818128,0.185689428,0.00671983,-0.230282511,0.210073242
Feb-04,-0.00092578,0.00196205,0.0132436,-0.014331,-0.066727467,0.0381702,-0.070100367,-0.108707118,0.072176948,-0.069553157,0.0175777,0.101343139,-0.030501,-0.050546,0.122229581,-0.038581,-0.101393764,0.143579348,0.00564408,-0.108094304,0.163869173,-0.021085,-0.211117916,0.189272417,0.00236972,-0.238988909,0.216609805
Mar-04,-0.0018487,0.0395952,0.0140219,-0.0063062,0.0125375,0.0401226,-0.054804,-0.07804035,0.075232779,-0.0802013,0.021841,0.106639012,-0.040704,0.0246056,0.129743907,-0.04097,-0.05576,0.150492896,-0.0076891,-0.057686,0.170932947,-0.014012,-0.136982149,0.194134673,-0.008829,-0.201772136,0.222432451
Apr-04,-0.0048855,0.0528788,0.0142514,-0.00766,0.094436047,0.0415169,-0.038894,-0.008017,0.07813585,-0.085565667,0.0232702,0.111118833,-0.06114,0.107661937,0.137174149,-0.039522,0.014476,0.157350128,-0.031626,-0.0064456,0.178572203,-0.0057625,-0.045512,0.199941861,-0.024565,-0.14038208,0.227206348
May-04,-0.009661,0.0342388,0.0132471,-0.016395,0.126712838,0.0415204,-0.030726,0.0599854,0.079690586,-0.08649583,0.0180057,0.113697363,-0.085948619,0.144290537,0.142863555,-0.046896,0.07616665,0.163749996,-0.054977,0.0253191,0.185099764,-0.010751,0.0186185,0.205389589,-0.037481,-0.084405077,0.230792833
Jun-04,-0.014719,-0.0022973,0.0116496,-0.029266,0.084820377,0.0391481,-0.035572,0.09735786,0.079270784,-0.084070454,0.00678003,0.114380915,-0.109467433,0.106661407,0.145787148,-0.069970449,0.109425959,0.168892043,-0.070236163,0.0290599,0.189641033,-0.036955,0.027134,0.210081083,-0.043278,-0.052162,0.233282809
Jul-04,-0.015626,-0.028506,0.0105185,-0.040006,0.00343599,0.0354152,-0.047666,0.097872036,0.076932097,-0.078900433,-0.0045813,0.113551027,-0.125571846,0.0267062,0.146534011,-0.101146451,0.111097925,0.172589326,-0.079527946,0.017912,0.192765306,-0.071632669,-0.0030096,0.21398738,-0.045769,-0.042076,0.235357038
Aug-04,-0.010708,-0.035145,0.0103649,-0.041053,-0.065947522,0.032533,-0.057449,0.0607653,0.074053413,-0.071779343,-0.0059622,0.112223584,-0.12754911,-0.047942,0.146230361,-0.1270019,0.078343015,0.175396553,-0.087949563,0.0102191,0.196282994,-0.096030076,-0.040628,0.217632761,-0.051805,-0.047329,0.237922587
Sep-04,-0.0017038,-0.023633,0.010617,-0.028038,-0.087283512,0.0315004,-0.057304,-0.0024631,0.070648533,-0.063610116,0.0100743,0.11077118,-0.112108235,-0.080503485,0.145881312,-0.137505213,0.0193779,0.177287545,-0.098008229,0.0221424,0.20039244,-0.098273944,-0.058224,0.221141429,-0.064993,-0.06015,0.24158148
Oct-04,0.00356001,-0.009884,0.0116458,-0.008852,-0.068661973,0.0326277,-0.048858,-0.065225984,0.068042914,-0.056518,0.0292101,0.109559834,-0.087752653,-0.073243238,0.146178764,-0.134424067,-0.041956,0.179161747,-0.109998672,0.042436,0.205217062,-0.088380166,-0.05075,0.225393042,-0.08048489,-0.071671579,0.246615116
Nov-04,0.00291622,0.0010244,0.0131915,0.00477238,-0.032493,0.0354543,-0.036281,-0.098440425,0.067987296,-0.052676,0.0282724,0.109507711,-0.067006964,-0.038455,0.147677882,-0.12277673,-0.080434705,0.181684659,-0.12222952,0.0458501,0.210850851,-0.083177183,-0.022274,0.231737292,-0.091257696,-0.073121351,0.253087059
Dec-04,-0.0021447,0.0082209,0.0149423,0.00433148,-0.00063871,0.0397796,-0.023706,-0.087922226,0.071279987,-0.052972,-0.0031018,0.110428124,-0.059279,0.0094356,0.150550771,-0.107776757,-0.081142199,0.185660902,-0.133173735,0.0187392,0.217067136,-0.093676751,0.0215037,0.240172031,-0.093942466,-0.058862,0.26092102
Jan-05,-0.0072814,0.0097148,0.0161797,-0.00651,0.0189602,0.0443135,-0.015362,-0.049702,0.076941233,-0.055368,-0.046266,0.11235641,-0.063028336,0.0481702,0.15387333,-0.094262626,-0.054283,0.19049226,-0.140934039,-0.022996,0.223475243,-0.116508644,0.0613961,0.249530559,-0.094890138,-0.03179,0.269706538
Feb-05,-0.010309,0.00470365,0.0153645,-0.019735,0.0226394,0.0464865,-0.014963,-0.009854,0.08194083,-0.056016,-0.075801022,0.114473828,-0.072411812,0.0509118,0.155994243,-0.086742412,-0.015816,0.194164414,-0.142512179,-0.057795,0.228171191,-0.141964968,0.068489515,0.257337383,-0.102912631,0.000365628,0.278223824
Mar-05,-0.012358,-0.0034719,0.0145694,-0.029948,0.0109465,0.0461136,-0.025617,0.0103078,0.085893229,-0.053655,-0.076975686,0.117393625,-0.082920902,0.0078447,0.156541762,-0.089227105,0.0203822,0.196664409,-0.137725224,-0.070195659,0.23177454,-0.163122202,0.0296857,0.263180774,-0.123625219,0.0324503,0.286285669
Apr-05,-0.013746,-0.009019,0.0139415,-0.036413,-0.0077873,0.0438754,-0.042923,0.0111729,0.088188938,-0.051775,-0.057489,0.120816674,-0.091781309,-0.054053,0.156231852,-0.099441273,0.0403829,0.197748772,-0.130675562,-0.06207,0.234367702,-0.177346976,-0.030783,0.267350685,-0.152921581,0.0536088,0.293406
May-05,-0.013606,-0.00931,0.0126326,-0.03971,-0.021801,0.0411435,-0.059445,0.000838765,0.087630028,-0.054673,-0.031654,0.123084326,-0.095726171,-0.09760166,0.155617324,-0.112121633,0.0291112,0.197137739,-0.126452234,-0.037616,0.23530791,-0.182222,-0.07959594,0.269314687,-0.18167479,0.0466889,0.298480878
Jun-05,-0.012004,-0.004522,0.0112604,-0.039356,-0.022851,0.0378345,-0.069304634,-0.011904,0.083948096,-0.064973156,-0.012543,0.123727687,-0.093010936,-0.099826394,0.155228083,-0.122277069,-0.015006,0.194376219,-0.128583272,-0.0024685,0.234498867,-0.177081391,-0.093046366,0.269608998,-0.202478369,0.00683501,0.301015231
Jul-05,-0.008029,0.00405844,0.0100173,-0.033639,-0.009773,0.0339102,-0.070052099,-0.017561,0.077785656,-0.076562071,0.00139961,0.122099152,-0.085414292,-0.067262365,0.154726889,-0.125420472,-0.063826377,0.190142066,-0.133080435,0.0306097,0.231658986,-0.164314725,-0.071843631,0.268277916,-0.210986138,-0.040556,0.301260899
Aug-05,-0.0014323,0.0159206,0.0091274,-0.021465,0.015457,0.0304051,-0.061175,-0.0063436,0.071548591,-0.080910566,0.0162958,0.118035124,-0.076138186,-0.016197,0.153489422,-0.117191466,-0.08214466,0.18602242,-0.133586929,0.0445682,0.227542835,-0.147917529,-0.022159,0.265713006,-0.203687296,-0.06413894,0.299719783
Sep-05,0.00539659,0.0268016,0.0081788,-0.0040646,0.0467806,0.0273235,-0.043421,0.0239299,0.065158004,-0.073369229,0.0348764,0.111271642,-0.069037751,0.0342377,0.151051233,-0.097075531,-0.053046,0.182551629,-0.126341664,0.0317746,0.221699766,-0.132647867,0.0443121,0.261822413,-0.181145986,-0.046266,0.296932544
Oct-05,0.00530414,0.0286641,0.00772262,0.0092685,0.071386257,0.0250289,-0.024371,0.061613,0.0589391,-0.060784,0.0538257,0.102814553,-0.067293619,0.072785865,0.147128049,-0.076145839,0.00412389,0.179755785,-0.116152019,0.00755988,0.215170963,-0.123811983,0.101995928,0.256687883,-0.155046272,-0.00045737,0.293306813
Nov-05,-0.0036359,0.0196649,0.00762999,0.00706481,0.075130555,0.0235314,-0.0144,0.090587555,0.0539365,-0.05411,0.068786917,0.095080039,-0.073845756,0.09142632,0.141566571,-0.069073376,0.0589334,0.177020869,-0.110126656,-0.0070141,0.209553867,-0.126522119,0.119698733,0.251074282,-0.140852719,0.0529713,0.289244453
Dec-05,-0.018075,0.00492574,0.00751952,-0.016406,0.0532547,0.0228721,-0.020471,0.100035293,0.0501957,-0.059827,0.077184585,0.08803014,-0.089775585,0.088131125,0.134143778,-0.085444107,0.087492411,0.173923369,-0.113481888,0.000208899,0.205423765,-0.142748021,0.085029277,0.244571902,-0.149054223,0.097566759,0.284694549
Jan-06,-0.027173,-0.0017161,0.00637652,-0.048883,0.0228745,0.021526,-0.039615,0.094260737,0.0465549,-0.073253826,0.084487485,0.08046514,-0.109666763,0.07670019,0.124340581,-0.116176735,0.095660345,0.168654078,-0.125028956,0.0269984,0.201281814,-0.165035135,0.0304344,0.236696991,-0.172695099,0.124870407,0.278213911
Feb-06,-0.02472,0.00360958,0.00353288,-0.06996751,0.00681921,0.0174289,-0.0629027,0.081949767,0.0409604,-0.084367995,0.097406767,0.071365458,-0.124077817,0.075606129,0.112508954,-0.143813265,0.098245532,0.158995486,-0.139040886,0.065752629,0.194449784,-0.180094166,-0.00019489,0.226982782,-0.196489629,0.126517945,0.268503197
Mar-06,-0.015634,0.0159035,0.000180658,-0.067527268,0.017797,0.0100901,-0.083933625,0.071051703,0.0329622,-0.08799822,0.117832296,0.0602857,-0.127354387,0.094981589,0.098120191,-0.157302854,0.105928129,0.144233829,-0.152971376,0.105289415,0.184013419,-0.181009156,0.0180059,0.215513816,-0.210275289,0.10282628,0.254661952
Apr-06,-0.0061648,0.0221342,-0.002374,-0.046519,0.0416473,0.00133951,-0.095402523,0.064521793,0.0228655,-0.08613407,0.13590805,0.0478944,-0.119773233,0.126134799,0.081804652,-0.156186169,0.118347504,0.125680094,-0.162696142,0.137307658,0.16999359,-0.171548362,0.068645685,0.202621326,-0.211554542,0.072081674,0.238036504
May-06,0.00203,0.0169203,-0.003561,-0.019769,0.054958,-0.0057544,-0.089736598,0.0617772,0.0116745,-0.082671788,0.136907792,0.035206,-0.104137084,0.152364793,0.065611093,-0.143846905,0.130564155,0.106754588,-0.163582354,0.153203557,0.153241121,-0.158809974,0.120710655,0.188695419,-0.199863254,0.0547631,0.221228416
Jun-06,0.00666583,0.00415712,-0.0034356,0.00253107,0.0432116,-0.009371,-0.064996196,0.0610086,0.000719451,-0.081402553,0.114263309,0.0235916,-0.085467147,0.161043902,0.0509151,-0.124823314,0.138193195,0.088749591,-0.154771782,0.149139735,0.134863229,-0.150440304,0.148501021,0.17464282,-0.178478084,0.0612175,0.206143216
Jul-06,0.00455769,-0.0074442,-0.0025534,0.0132535,0.0136332,-0.00955,-0.033266,0.0552805,-0.00821,-0.082148997,0.078155001,0.0133156,-0.072880544,0.149541258,0.0383445,-0.106519707,0.139768006,0.072254712,-0.142932643,0.131980711,0.116130154,-0.149442616,0.150940866,0.16044365,-0.158294836,0.082278893,0.193071386
Aug-06,-0.0054205,-0.015296,-0.0011188,0.00580305,-0.018583,-0.0071078,-0.013966,0.0363746,-0.012862,-0.083933553,0.0431938,0.00456678,-0.076868743,0.118324325,0.0280982,-0.098334039,0.133781325,0.0585033,-0.13804386,0.111980687,0.09964682,-0.157779309,0.13462009,0.146133352,-0.153006929,0.102127187,0.18158765
Sep-06,-0.018853,-0.018709,0.000486267,-0.019716,-0.041449,-0.0031859,-0.017185,0.00176213,-0.012557,-0.08471233,0.0195591,-0.0024665,-0.101118686,0.072813835,0.0204057,-0.105183281,0.119594429,0.0477292,-0.144539448,0.096743721,0.085563666,-0.174487915,0.107690261,0.131677304,-0.170156437,0.107051547,0.171456895
Oct-06,-0.023093,-0.018318,0.00093505,-0.047367,-0.052323,0.000302487,-0.034114,-0.03869,-0.009247,-0.080633143,0.00295718,-0.007908,-0.12951626,0.0258317,0.0136181,-0.120247807,0.097217921,0.038647,-0.15388697,0.08744467,0.072557199,-0.190299906,0.079657374,0.116432641,-0.196809879,0.098617529,0.160746137
Nov-06,-0.013206,-0.013744,-0.00013522,-0.055153,-0.050771,0.0012861,-0.04935,-0.069354237,-0.0058217,-0.069119249,-0.014396,-0.011576,-0.139086758,-0.007577,0.00585288,-0.132021948,0.067553556,0.0293843,-0.153487244,0.083010556,0.0597894,-0.193197065,0.0612099,0.100932921,-0.212932514,0.083849321,0.147419453
Dec-06,0.0058435,-0.0059297,-0.0023643,-0.030456,-0.037992,-0.0015644,-0.050172,-0.079441019,-0.0047504,-0.047641,-0.036229,-0.014121,-0.115168689,-0.018432,-0.0040309,-0.131575045,0.0348223,0.0188412,-0.13563964,0.081602883,0.0461648,-0.174995807,0.0587522,0.083999227,-0.204944274,0.069698715,0.130112865
Jan-07,0.016077,0.0012908,-0.0046482,0.0087141,-0.018383,-0.0071477,-0.038653,-0.070706011,-0.0068452,-0.0254,-0.057073,-0.016395,-0.071919048,-0.015425,-0.015056,-0.120802164,0.00744899,0.00647039,-0.111533712,0.078835247,0.0314993,-0.145172874,0.069061995,0.065409498,-0.181585811,0.0612747,0.10928494
Feb-07,0.0112252,0.00619247,-0.0061425,0.0331457,0.0015536,-0.013155,-0.022008,-0.049217,-0.011869,-0.016204,-0.067800633,-0.018977,-0.035974,-0.012843,-0.024731,-0.105941071,-0.0060234,-0.0073021,-0.098876261,0.06910716,0.0162293,-0.120341557,0.08456416,0.0466344,-0.160051378,0.062763522,0.087777902
Mar-07,-0.0011198,0.0093646,-0.0074832,0.0261824,0.0168479,-0.018274,-0.004274,-0.021144,-0.019838,-0.02399,-0.062593146,-0.023024,-0.021459,-0.019382,-0.032395,-0.088986312,-0.0015845,-0.022305,-0.105392668,0.0516702,0.000567263,-0.109457263,0.098450757,0.0278908,-0.14881343,0.075600049,0.065725267
Apr-07,-0.0069553,0.011546,-0.008724,0.00315003,0.0271031,-0.022349,0.0118641,0.0087204,-0.029497,-0.035503,-0.043603,-0.029195,-0.02225,-0.02997,-0.038744,-0.068769022,0.0116776,-0.037405,-0.117652138,0.0345521,-0.015879,-0.108383685,0.105938347,0.0091499,-0.142022848,0.096165096,0.0430602
May-07,-0.000755,0.0122298,-0.009335,-0.00883,0.0331404,-0.025542,0.0243155,0.034694,-0.038697,-0.030838,-0.016077,-0.037411,-0.025035,-0.03466,-0.044519,-0.044804,0.0202978,-0.050273,-0.114771214,0.027117,-0.032844,-0.107706404,0.102247579,-0.009313,-0.129171699,0.117704579,0.0210924
Jun-07,0.0131159,0.0112487,-0.009574,0.00540557,0.0350245,-0.027632,0.0315879,0.0518724,-0.045906,0.00113159,0.0138809,-0.047471,-0.018585,-0.027569,-0.050657,-0.016053,0.015643,-0.060027,-0.083580741,0.03344,-0.049937,-0.099987097,0.086694705,-0.027065,-0.104051692,0.133475298,0.000258362
Jul-07,0.0206252,0.00725268,-0.009603,0.0329861,0.0307312,-0.028511,0.0361361,0.0578343,-0.050861,0.0448502,0.0394516,-0.058009,-0.002517,-0.012872,-0.057706,0.0107365,0.000761489,-0.067255981,-0.035783,0.0424088,-0.065916469,-0.084666038,0.065283282,-0.04439,-0.075397586,0.13666954,-0.019362
Aug-07,0.0176984,-0.00016632,-0.009627,0.0514395,0.0183351,-0.028803,0.0426093,0.0514755,-0.054345,0.075755032,0.0530291,-0.067500109,0.0206018,0.00225834,-0.066214008,0.0264049,-0.016325,-0.073321777,0.00663578,0.0386329,-0.079076142,-0.063331726,0.0454521,-0.061647,-0.056267,0.120582668,-0.038116
Sep-07,0.00779945,-0.009738,-0.00932,0.046123,-0.0026519,-0.02855,0.0515286,0.0323727,-0.056182,0.077710987,0.0492206,-0.074455954,0.0472546,0.011229,-0.076020392,0.0275385,-0.03022,-0.079206317,0.0300696,0.0129911,-0.088576917,-0.037458,0.0307881,-0.078486866,-0.053864,0.084042841,-0.055615
Oct-07,0.00255963,-0.017669,-0.009581,0.0280575,-0.027573,-0.028528,0.0610436,0.00315792,-0.057039,0.064193595,0.030261,-0.079388614,0.07290769,0.0118783,-0.086536315,0.0255404,-0.040445,-0.086233828,0.038794,-0.026812,-0.095783768,-0.0077255,0.0148355,-0.094444256,-0.056609,0.03771,-0.072918227
Nov-07,0.00486434,-0.022646,-0.010399,0.0152234,-0.050053,-0.0293,0.066662907,-0.031718,-0.058103,0.0578328,0.00142258,-0.083644684,0.090978451,0.00297619,-0.096799703,0.0358252,-0.047795,-0.095513602,0.0416283,-0.066378051,-0.10262137,0.0218592,-0.01142,-0.108375736,-0.048108,-0.0046008,-0.090946821
Dec-07,0.0121078,-0.024109,-0.011663,0.0195317,-0.064423746,-0.031643,0.065654786,-0.06707561,-0.060192,0.071060357,-0.032051,-0.087824847,0.097242733,-0.015203,-0.106098807,0.066786374,-0.053195,-0.107663246,0.0470702,-0.094644214,-0.110849171,0.0496013,-0.051433,-0.12021977,-0.017926,-0.033636,-0.11012972
Jan-08,0.0167221,-0.0205,-0.013138,0.0336942,-0.067254657,-0.0352,0.0617517,-0.094827928,-0.063728216,0.094737811,-0.064096736,-0.092239704,0.097887837,-0.036994,-0.114589043,0.106601932,-0.055376,-0.121736744,0.0592347,-0.107699646,-0.121434257,0.072488196,-0.094066439,-0.130984197,0.0259688,-0.052419,-0.129644685
Feb-08,0.0154203,-0.009993,-0.013794,0.0442502,-0.054601,-0.038596,0.0594736,-0.104654344,-0.067895491,0.110913132,-0.086319255,-0.096698611,0.102082989,-0.053179,-0.122240582,0.135228677,-0.051625,-0.1353956,0.080075471,-0.102396001,-0.134109499,0.085878516,-0.120979468,-0.141217268,0.066109428,-0.066021443,-0.146971634
Mar-08,0.0124029,0.00376646,-0.014584,0.0445453,-0.026726,-0.041516,0.064077086,-0.091149658,-0.073159007,0.110200125,-0.093801522,-0.101708553,0.115605696,-0.058777,-0.129341,0.141788073,-0.041929,-0.147614961,0.111331714,-0.079920652,-0.149179399,0.091615581,-0.121370126,-0.152365324,0.094146653,-0.07815852,-0.161735924
Apr-08,0.0149978,0.0144863,-0.014929,0.042821,0.00826,-0.043306,0.076515269,-0.058995,-0.078506886,0.104572737,-0.086567907,-0.107034673,0.137558837,-0.055837,-0.135546162,0.140708863,-0.028734,-0.1578955,0.149422959,-0.047116,-0.165043201,0.102055696,-0.099439626,-0.164740714,0.115309222,-0.085806418,-0.174290654
May-08,0.0250801,0.0197343,-0.014148,0.0524808,0.0379871,-0.04366,0.096731022,-0.016614,-0.082255926,0.111954441,-0.066667253,-0.111555519,0.163393929,-0.048332,-0.14035864,0.154563786,-0.015192,-0.16590061,0.187709473,-0.013638,-0.179055628,0.132556268,-0.06440891,-0.177769527,0.138359313,-0.082992378,-0.184877296
Jun-08,0.0386855,0.0194862,-0.012911,0.078763359,0.0537068,-0.041988,0.123308699,0.0269809,-0.083503953,0.142840445,-0.037443,-0.115146806,0.188963484,-0.040095,-0.143696352,0.194369055,-0.0050701,-0.171328799,0.220551432,0.0117777,-0.18960276,0.190095073,-0.026214,-0.191167199,0.170378939,-0.06766329,-0.194353124
Jul-08,0.0461046,0.0140301,-0.012616,0.109870149,0.0532507,-0.039675,0.152691175,0.0615107,-0.0829814,0.186385417,-0.005744,-0.118181829,0.214442886,-0.033317,-0.146709616,0.247428986,-0.002586,-0.175221105,0.250579012,0.0245171,-0.197570443,0.259293108,0.00613439,-0.204718145,0.211925845,-0.046189,-0.204415658
Aug-08,0.0457867,0.00359636,-0.014043,0.13057675,0.0371127,-0.03957,0.183057547,0.075099797,-0.083230141,0.227307773,0.0204984,-0.121826039,0.242531192,-0.029555,-0.151125632,0.293970679,-0.011219,-0.179928752,0.285140536,0.021921,-0.205470723,0.318286224,0.0234746,-0.218625741,0.263133018,-0.027296,-0.21733964
Sep-08,0.0402241,-0.011057,-0.016054,0.132115404,0.00656945,-0.042713,0.210878763,0.0602763,-0.084700472,0.255424103,0.0335504,-0.126216626,0.274955849,-0.030873,-0.157859479,0.321078888,-0.033525,-0.186409025,0.326484459,0.00149931,-0.214041472,0.352666836,0.0183472,-0.232315433,0.322210477,-0.019644,-0.233879871
Oct-08,0.0416356,-0.027273,-0.01778,0.127646397,-0.034733,-0.047877,0.237516546,0.0185173,-0.087552052,0.280337572,0.0267774,-0.130858509,0.314031814,-0.040477,-0.166058938,0.342089283,-0.068050574,-0.194586725,0.375075383,-0.037319,-0.223098214,0.378225409,-0.010216,-0.245447552,0.386939504,-0.028599,-0.252595254
Nov-08,0.0509493,-0.044703,-0.018432,0.132808999,-0.083032908,-0.052266,0.263385749,-0.04592,-0.091836265,0.315866546,-0.007933,-0.135496293,0.360116771,-0.062534528,-0.174092191,0.375340191,-0.112587455,-0.203391784,0.426779678,-0.094252365,-0.232194904,0.417949535,-0.061112,-0.257736875,0.451095222,-0.059558,-0.270891893
Dec-08,0.063266041,-0.060749,-0.017738,0.155850931,-0.132725183,-0.05395,0.287966335,-0.12615573,-0.096662574,0.366729694,-0.072448894,-0.138650373,0.411275034,-0.099174806,-0.180166526,0.43080678,-0.163598552,-0.21180938,0.47692982,-0.166250416,-0.240358926,0.482335391,-0.131225874,-0.267991373,0.508517767,-0.114378001,-0.286265334
Jan-09,0.068626615,-0.063391047,-0.015241,0.182841955,-0.168843569,-0.051411,0.310488352,-0.203576917,-0.099287693,0.420358501,-0.150326235,-0.138962636,0.463179527,-0.142066215,-0.182269093,0.496873769,-0.209320872,-0.217469522,0.524931238,-0.236894143,-0.245997309,0.557917338,-0.206162951,-0.274508798,0.561067364,-0.17905985,-0.296858136
Feb-09,0.0606235,-0.04104,-0.009745,0.192516133,-0.16518076,-0.042723,0.325325131,-0.248213668,-0.094989605,0.455901882,-0.211100962,-0.134559718,0.508382678,-0.173113871,-0.178219746,0.552632904,-0.227715288,-0.216815643,0.567856323,-0.277768215,-0.246115237,0.619295811,-0.259433126,-0.274918357,0.610465668,-0.226292707,-0.300460328
Mar-09,0.0502136,-0.0059964,-0.0036778,0.179463716,-0.110427852,-0.028664,0.335314648,-0.243153036,-0.082613482,0.467430052,-0.236583583,-0.125326155,0.54619341,-0.182876746,-0.167313955,0.59073875,-0.209602659,-0.208830108,0.610270497,-0.274026405,-0.240472962,0.656393536,-0.276678268,-0.269022508,0.661799107,-0.241653727,-0.296654955
Apr-09,0.0394082,0.0185915,0.00080601,0.150245301,-0.028445,-0.012617,0.333087256,-0.197288881,-0.06402714,0.460733653,-0.23202223,-0.111904249,0.570603802,-0.178771548,-0.151579192,0.613424828,-0.170511527,-0.19488565,0.64711907,-0.237766184,-0.230086078,0.675176539,-0.265339455,-0.258613865,0.708162639,-0.234608263,-0.287125354
May-09,0.0257037,0.0231019,0.0028983,0.115325556,0.035697,0.000026473,0.307841688,-0.129483776,-0.042697,0.440650687,-0.212516684,-0.094963131,0.571227438,-0.175403977,-0.134533244,0.623708234,-0.137416887,-0.178193272,0.66795846,-0.192018304,-0.21678917,0.683181879,-0.24207123,-0.246088764,0.734621367,-0.223736141,-0.274891884
Jun-09,0.012901,0.0118682,0.0028505,0.078012926,0.0535616,0.00655482,0.257476643,-0.056866,-0.022109,0.413327574,-0.189591446,-0.076058665,0.545442978,-0.183021993,-0.118771338,0.624206337,-0.129315156,-0.160759137,0.668751677,-0.156041069,-0.202275291,0.688283423,-0.220464815,-0.233918145,0.734406462,-0.223116678,-0.26246769
Jul-09,0.00607358,-0.0012175,0.00246235,0.0446783,0.0337526,0.0082112,0.194923606,0.0053073,-0.0044054,0.377765561,-0.163536265,-0.055816,0.505411958,-0.198269613,-0.103693094,0.615282107,-0.145018931,-0.143368038,0.658103133,-0.136758911,-0.186674495,0.691797375,-0.204013568,-0.221874924,0.719854844,-0.231586839,-0.250402711
Aug-09,0.0070051,-0.012153,0.00235918,0.0259797,-0.0015024,0.00767203,0.14130523,0.0341946,0.0076985,0.333821363,-0.130986147,-0.035025,0.466630362,-0.214019055,-0.087291104,0.597207112,-0.176906349,-0.126861217,0.649687909,-0.138919258,-0.170521245,0.693938134,-0.193520675,-0.209117143,0.709161553,-0.243573602,-0.238416736
Sep-09,0.0122801,-0.019243,0.00233148,0.0253588,-0.032613,0.00715301,0.103371724,0.0209485,0.0137078,0.28283544,-0.08947938,-0.014956,0.438686372,-0.222204563,-0.068905659,0.570801776,-0.21563511,-0.111618332,0.649565135,-0.161928273,-0.153606132,0.694110474,-0.188654186,-0.195122285,0.713642221,-0.253077932,-0.226765139
Oct-09,0.0138378,-0.018855,0.00219967,0.033123,-0.050251,0.00689033,0.077801308,-0.016498,0.0151015,0.228046609,-0.044943,0.00248493,0.410888564,-0.213786815,-0.048926,0.538534961,-0.248520164,-0.096802762,0.64840511,-0.195269482,-0.136477706,0.691226136,-0.187009461,-0.179784163,0.724920379,-0.254264118,-0.214984592
Nov-09,0.0092312,-0.009145,0.00183819,0.0353491,-0.047242,0.00636935,0.0613288,-0.048745,0.0140414,0.176654317,-0.013048,0.0140678,0.369170449,-0.178228346,-0.028656,0.501979448,-0.261261254,-0.080921757,0.632556199,-0.224148547,-0.12049187,0.685036995,-0.186161456,-0.164151898,0.729287221,-0.240762874,-0.202747796
Dec-09,0.000588856,0.00608808,0.00128799,0.0236578,-0.021912,0.00532586,0.0490166,-0.054525,0.0124789,0.127029549,-0.00096309,0.0190337,0.306493265,-0.111390944,-0.00963,0.462344196,-0.244116128,-0.0635798,0.5944596,-0.237546675,-0.106292473,0.673222959,-0.183839838,-0.148280272,0.717768299,-0.210565751,-0.189796425
Jan-10,-0.0059694,0.0138271,0.000710681,0.00385063,0.0107704,0.00383687,0.0369736,-0.03948,0.0107272,0.08165194,-0.0057275,0.0189384,0.231897241,-0.034173,0.0063218,0.414739196,-0.203016406,-0.045089,0.542385593,-0.237749754,-0.092965895,0.652255742,-0.184499072,-0.132640839,0.695076768,-0.176239052,-0.175947296
Feb-10,-0.007952,0.0094622,0.000125745,-0.013332,0.0293773,0.00212442,0.0220169,-0.017865,0.0084938,0.0479966,-0.019367,0.0161658,0.163322177,0.0163297,0.0161923,0.355838309,-0.148851013,-0.026531,0.488647308,-0.231883921,-0.078797338,0.619224058,-0.194771214,-0.11836745,0.671704855,-0.156784123,-0.162027479
Mar-10,-0.0072024,-0.002275,-0.00058563,-0.021123,0.0210143,0.000250797,0.00253443,-0.0008973,0.00557666,0.0278932,-0.03351,0.0127297,0.10590615,0.0200512,0.0192845,0.285369866,-0.09037668,-0.009379,0.441220797,-0.223101863,-0.063329003,0.573336201,-0.21653241,-0.106041676,0.65209956,-0.162825574,-0.148029475
Apr-10,-0.006559,-0.014728,-0.0020216,-0.021713,-0.0075411,-0.0024815,-0.017862,0.00322929,0.00135541,0.0152607,-0.047021,0.0082457,0.059939,-0.013269,0.0164569,0.210184297,-0.041714,0.00384034,0.393026252,-0.21055753,-0.04757,0.520672649,-0.245290878,-0.095447356,0.630542797,-0.192040196,-0.1351223
May-10,-0.0065303,-0.025571,-0.0043766,-0.020292,-0.042574,-0.0069838,-0.033624,-0.013197,-0.0048593,0.00172527,-0.060439,0.00151,0.0277049,-0.061941,0.009182,0.1430305,-0.026244,0.0092085,0.335546632,-0.191425251,-0.033515,0.468355631,-0.274458159,-0.085781106,0.598932381,-0.237345452,-0.125351219
Jun-10,-0.0067252,-0.033367,-0.006988,-0.019814,-0.073665915,-0.013386,-0.040938,-0.052652,-0.013135,-0.01728,-0.074563215,-0.0078095,0.0080787,-0.107176332,-0.0006565,0.086091671,-0.053615,0.00589832,0.265555387,-0.164042594,-0.022765,0.421406318,-0.296767778,-0.076715162,0.553521722,-0.290198325,-0.119427835
Jul-10,-0.0049622,-0.034495,-0.007937,-0.018218,-0.093432163,-0.019302,-0.039931,-0.100973287,-0.021783,-0.03608,-0.090202877,-0.017947,-0.002957,-0.140453428,-0.011056,0.0417213,-0.106700811,-0.0028451,0.191966597,-0.135146124,-0.015462,0.374808552,-0.303989693,-0.066872225,0.502454949,-0.338723041,-0.114749334
Aug-10,-0.00050405,-0.027147,-0.0065897,-0.012191,-0.095008238,-0.021515,-0.032483,-0.137582476,-0.028499,-0.045815,-0.108205143,-0.026374,-0.010466,-0.155447342,-0.020005,0.0155135,-0.156949713,-0.012333,0.130839067,-0.121252729,-0.012307,0.3233552,-0.286433489,-0.05503,0.456164198,-0.369466397,-0.107296239
Sep-10,0.00459518,-0.010921,-0.003512,-0.00087105,-0.072562698,-0.018039,-0.020686,-0.146228613,-0.031425,-0.041809,-0.125214348,-0.031174,-0.018151,-0.147125913,-0.025849,0.0072077,-0.17973903,-0.018696,0.085220622,-0.12617744,-0.012141,0.264684338,-0.236605292,-0.040804,0.42053527,-0.369330476,-0.094754229
Oct-10,0.00423486,0.0076926,-0.0017885,0.008326,-0.030376,-0.01189,-0.009892,-0.12380769,-0.031192,-0.031605,-0.131348814,-0.033674,-0.027754,-0.120578404,-0.029837,0.00536898,-0.170828955,-0.022946,0.0500473,-0.137076338,-0.014735,0.200292586,-0.16552165,-0.027352,0.38313454,-0.334365219,-0.078762373
Nov-10,-0.0032833,0.0262763,-0.0022107,0.0055467,0.0230478,-0.0075111,-0.0066447,-0.071960444,-0.029026,-0.026936,-0.114534682,-0.03601,-0.040269,-0.085157349,-0.033886,-0.0049195,-0.132399548,-0.027516,0.0210602,-0.133901919,-0.019844,0.136385763,-0.098204935,-0.019818,0.328901896,-0.263385695,-0.062541227
Dec-10,-0.014881,0.0403989,-0.0040848,-0.013929,0.074367839,-0.008084,-0.0148,0.00180514,-0.026123,-0.034615,-0.071860774,-0.039509,-0.055738,-0.050847,-0.039258,-0.03208,-0.072758074,-0.033933,-0.0067214,-0.105371191,-0.02678,0.071291552,-0.05181,-0.020225,0.250755268,-0.162237453,-0.048888
Jan-11,-0.020574,0.0393157,-0.0052807,-0.038738,0.105990949,-0.011576,-0.030412,0.075615423,-0.023466,-0.048629,-0.017817,-0.042768,-0.07034231,-0.025358,-0.04525,-0.066491678,-0.014587,-0.041413,-0.033369,-0.064838005,-0.034523,0.0113096,-0.031085,-0.026311,0.161554931,-0.059531,-0.038928
Feb-11,-0.015299,0.0198909,-0.0046793,-0.050753,0.099605563,-0.014045,-0.045206,0.122653357,-0.021556,-0.057398,0.0276451,-0.043071,-0.07768935,-0.014929,-0.050055,-0.09102149,0.0144482,-0.04793,-0.055672,-0.032794,-0.041561,-0.029693,-0.034296,-0.033889,0.085632827,0.00140063,-0.033863
Mar-11,-0.0041992,-0.0072303,-0.0032316,-0.040072,0.0519764,-0.013192,-0.054001,0.126344224,-0.021276,-0.054872,0.0537815,-0.039315,-0.074686161,-0.019884,-0.052701,-0.09580956,0.00112988,-0.05245,-0.072151735,-0.020782,-0.047124,-0.046793,-0.053395,-0.039971,0.03122,0.000166784,-0.033416
Apr-11,0.00383786,-0.028509,-0.0018056,-0.01566,-0.015848,-0.009717,-0.054398,0.090143117,-0.021293,-0.046072,0.0597676,-0.033183,-0.064289349,-0.033665,-0.052485,-0.086002294,-0.041206,-0.054966,-0.082151662,-0.030435,-0.051129,-0.049029,-0.080685837,-0.044239,-0.0043504,-0.046933,-0.036028
May-11,0.00548114,-0.037793,-0.00053036,0.00511978,-0.073531785,-0.0055676,-0.045633,0.0260738,-0.019612,-0.040086,0.0491216,-0.027124,-0.052278,-0.045887,-0.048639,-0.07256957,-0.088460904,-0.055622,-0.08590171,-0.059084,-0.053498,-0.050553,-0.10632577,-0.047129,-0.024573,-0.107828141,-0.039457
Jun-11,0.00164351,-0.035986,0.000315089,0.0109625,-0.102287226,-0.0020208,-0.029109,-0.050311,-0.015212,-0.043038,0.024057,-0.023296,-0.043909,-0.048506,-0.041336,-0.063723659,-0.122171616,-0.054722,-0.084847058,-0.101157351,-0.054471,-0.061189,-0.123068916,-0.049145,-0.03583,-0.155682033,-0.041992
Jul-11,-0.0035766,-0.030812,0.000464957,0.00354809,-0.104590981,0.00024969,-0.012112,-0.120438813,-0.009467,-0.05085,-0.014448,-0.021043,-0.042524,-0.044823,-0.032933,-0.060741,-0.138255554,-0.052235,-0.082454203,-0.145796677,-0.054717,-0.078603572,-0.135026268,-0.05088,-0.045481,-0.185276818,-0.043989
Aug-11,-0.008981,-0.025561,-0.00018477,-0.010914,-0.092358864,0.000595273,-0.0057942,-0.165890649,-0.0049723,-0.056547,-0.066285086,-0.019017,-0.051,-0.043237,-0.026528,-0.063191904,-0.13824553,-0.048043,-0.083483581,-0.180819768,-0.055027,-0.096815721,-0.151442435,-0.052903,-0.061467,-0.198684634,-0.046533
Sep-11,-0.013695,-0.019476,-0.0011622,-0.026252,-0.075848668,-0.00088198,-0.01529,-0.178135894,-0.0029028,-0.055361,-0.12615951,-0.016094,-0.069290377,-0.051792,-0.024178,-0.070161426,-0.124354369,-0.042218,-0.089975905,-0.198020283,-0.055604,-0.111099304,-0.177006019,-0.055353,-0.08744148,-0.198917583,-0.050027
Oct-11,-0.016666,-0.015037,-0.0011145,-0.039342,-0.060073,-0.0024614,-0.035794,-0.164664258,-0.0022117,-0.051454,-0.18051209,-0.011928,-0.090191492,-0.074521141,-0.023504,-0.081865504,-0.104896668,-0.035395,-0.100083203,-0.198328831,-0.054697,-0.121796147,-0.205869955,-0.057178,-0.117945516,-0.195099545,-0.053341
Nov-11,-0.017178,-0.012375,0.000375099,-0.047539,-0.046888,-0.0019015,-0.058453,-0.139246668,-0.0013063,-0.053333,-0.212778453,-0.0068738,-0.104086404,-0.11317289,-0.020919,-0.098539708,-0.090125095,-0.02843,-0.110731141,-0.185133334,-0.049945,-0.131022818,-0.227707572,-0.056929,-0.144354958,-0.198330239,-0.054804
Dec-11,-0.015425,-0.010941,0.00291975,-0.049269,-0.038353,0.00218037,-0.075521586,-0.114201534,0.00129839,-0.064559085,-0.21648876,-0.00072246,-0.104630648,-0.164512376,-0.013914,-0.118559717,-0.090144537,-0.021998,-0.119430766,-0.162707235,-0.040037,-0.139245245,-0.236373149,-0.053423,-0.160368644,-0.215358885,-0.053173
Jan-12,-0.012564,-0.009089,0.00530479,-0.045167,-0.032405,0.0085996,-0.084509381,-0.092477958,0.00613823,-0.080961291,-0.197068939,0.00638792,-0.096621275,-0.212916771,-0.0033286,-0.135358929,-0.106925821,-0.014905,-0.127032941,-0.137301348,-0.026795,-0.145250641,-0.230733511,-0.046097,-0.166963585,-0.238274635,-0.048578
Feb-12,-0.008245,-0.0057166,0.00672861,-0.036234,-0.025746,0.0149531,-0.08377335,-0.072633681,0.0130516,-0.094687361,-0.164992545,0.0136469,-0.089567581,-0.23852433,0.0080793,-0.140320517,-0.138918767,-0.0059655,-0.134773821,-0.115870973,-0.013477,-0.146965254,-0.210879211,-0.034992,-0.167256931,-0.253453449,-0.041976
Mar-12,-0.0041518,-0.0029254,0.00766204,-0.024961,-0.017731,0.0196954,-0.074230455,-0.056084,0.0218758,-0.100482701,-0.131932286,0.0209938,-0.089520199,-0.234219513,0.018973,-0.129591762,-0.182243128,0.00578135,-0.143520832,-0.107875289,-0.0023026,-0.144391881,-0.180437987,-0.020342,-0.16420636,-0.254103902,-0.033728
Apr-12,-0.0022619,-0.0049053,0.0080306,-0.014659,-0.013547,0.0224212,-0.059826,-0.045952,0.0310209,-0.099168067,-0.106025286,0.0285594,-0.095619977,-0.210616267,0.0288091,-0.111279961,-0.226464099,0.0190926,-0.150017615,-0.120473149,0.00751641,-0.141691627,-0.150848676,-0.0043737,-0.159909326,-0.244280839,-0.023676
May-12,-0.0032678,-0.013301,0.00757343,-0.009682,-0.021132,0.023266,-0.045916,-0.046878,0.0382192,-0.093454903,-0.093765594,0.0363177,-0.104368914,-0.186124458,0.0369129,-0.099249134,-0.259656243,0.0313454,-0.150002071,-0.16005068,0.0173005,-0.144455375,-0.137002886,0.0097894,-0.156646807,-0.232011124,-0.011726
Jun-12,-0.0064222,-0.025477,0.00671384,-0.011952,-0.043683,0.0223178,-0.036913,-0.061414,0.0420133,-0.086182391,-0.099767086,0.0441937,-0.112434637,-0.175615754,0.0433117,-0.101472136,-0.27790298,0.0412908,-0.141543699,-0.225926596,0.0280992,-0.155472768,-0.151558757,0.0200152,-0.156343817,-0.224121454,0.00197614
Jul-12,-0.009088,-0.032754,0.00628546,-0.018778,-0.071532342,0.0205727,-0.033436,-0.08507967,0.042994,-0.078603797,-0.11748435,0.0515936,-0.117945741,-0.177557628,0.0491322,-0.11439765,-0.282148609,0.0493819,-0.130057634,-0.297996441,0.0396653,-0.168795289,-0.192005492,0.0280891,-0.160469301,-0.222381018,0.016199
Aug-12,-0.01047,-0.031732,0.00667045,-0.02598,-0.089963055,0.0196698,-0.035662,-0.111094968,0.0429358,-0.07189585,-0.136840846,0.0578889,-0.119435087,-0.183728649,0.0559874,-0.130349098,-0.276087513,0.0565827,-0.125229318,-0.349619298,0.0510151,-0.175982254,-0.250013735,0.0369703,-0.170435558,-0.226965941,0.0294592
Sep-12,-0.010143,-0.021755,0.0073591,-0.029701,-0.086241494,0.020315,-0.041653,-0.129924961,0.0426329,-0.0666143,-0.147655714,0.0623283,-0.11588364,-0.18600858,0.064508673,-0.142135887,-0.261857247,0.063626692,-0.131173385,-0.364144474,0.0616058,-0.171244948,-0.312168089,0.0484142,-0.185174018,-0.23780025,0.0403302
Oct-12,-0.008942,-0.009651,0.0081706,-0.029556,-0.06313805,0.0222002,-0.048334,-0.134670392,0.0427729,-0.062992301,-0.14821772,0.065194154,-0.108159738,-0.1806224,0.073793794,-0.147501682,-0.240695678,0.071332382,-0.143953592,-0.345286659,0.071582071,-0.159613575,-0.361134491,0.0618655,-0.19835123,-0.255143542,0.0502893
Nov-12,-0.0068335,0.00272347,0.0088298,-0.025919,-0.028683,0.0243595,-0.051899,-0.118645723,0.0440293,-0.061581,-0.139777636,0.067295311,-0.097814959,-0.165523513,0.082248459,-0.145354196,-0.212411317,0.080346919,-0.156268207,-0.304770181,0.080942192,-0.151148427,-0.378301966,0.075374633,-0.201901363,-0.278696403,0.0613298
Dec-12,-0.0043219,0.0131394,0.0093903,-0.020098,0.00621217,0.0263907,-0.049799,-0.080029323,0.0467057,-0.061751,-0.12371279,0.069023562,-0.086711981,-0.141443543,0.088719002,-0.135981321,-0.179796409,0.090899376,-0.162233567,-0.255645077,0.090017394,-0.151271065,-0.357932303,0.087996545,-0.191342629,-0.305955918,0.074804912
Jan-13,-0.0032168,0.0153932,0.0101182,-0.014372,0.0312561,0.0283382,-0.043928,-0.031882,0.0505384,-0.06270571,-0.103414331,0.07111117,-0.077364396,-0.116961659,0.093532391,-0.122531833,-0.149366339,0.102132031,-0.161873777,-0.209439617,0.099670619,-0.158325687,-0.314030598,0.099920309,-0.173985671,-0.32987843,0.090203772
Feb-13,-0.003763,0.00738185,0.0101971,-0.011302,0.0359144,0.0297055,-0.037221,0.00723177,0.0540651,-0.0632009,-0.082731281,0.073734806,-0.072882454,-0.103863193,0.09700085,-0.109116567,-0.129609071,0.111953998,-0.156655804,-0.176496874,0.110052458,-0.167569815,-0.268855738,0.110647731,-0.162450035,-0.342387523,0.105080172
Mar-13,-0.0059493,-0.0024823,0.010688,-0.012929,0.0202927,0.0310032,-0.033027,0.0265049,0.0573939,-0.062728026,-0.059737,0.077708945,-0.074679962,-0.103420045,0.100026792,-0.099641077,-0.121150797,0.119722231,-0.148910417,-0.159503663,0.121902605,-0.175162663,-0.235352331,0.121020624,-0.164200162,-0.337639557,0.118999775
Apr-13,-0.008792,0.00480172,0.0111194,-0.018504,0.0097013,0.0320044,-0.032876,0.0409573,0.0603427,-0.062432,-0.022181,0.082542865,-0.08120974,-0.093713059,0.103115595,-0.095868426,-0.107260387,0.125536816,-0.141035864,-0.139665067,0.134136456,-0.180377808,-0.199738345,0.131675044,-0.176829717,-0.304329326,0.131924734
May-13,-0.011575,0.0362998,0.0106518,-0.026316,0.0386192,0.0324592,-0.037617,0.074533657,0.0621647,-0.063536565,0.045851,0.086524224,-0.089516749,-0.044112,0.106193976,-0.099198302,-0.065243979,0.12946002,-0.135432415,-0.090989857,0.144413168,-0.182971652,-0.137877661,0.142511628,-0.193885663,-0.230236524,0.143106901
Jun-13,-0.014003,0.074229348,0.0097589,-0.034369,0.115330858,0.0315301,-0.047298,0.135623603,0.062533314,-0.067395816,0.141835774,0.088924016,-0.097097065,0.0555943,0.109239029,-0.109049001,0.0119108,0.131556876,-0.134010116,-0.0058199,0.151252316,-0.183279456,-0.044173,0.15343269,-0.209531702,-0.120021473,0.152550708
Jul-13,-0.014871,0.079497306,0.0087252,-0.040449,0.190026443,0.0291359,-0.058953,0.199727715,0.0611403,-0.073324796,0.230983777,0.089478537,-0.102880738,0.167845727,0.11167874,-0.121658411,0.096313384,0.132251469,-0.136317097,0.082766056,0.154672691,-0.181484534,0.0503614,0.163272331,-0.220826478,-0.009712,0.160810918
Aug-13,-0.013867,0.0492645,0.00778162,-0.042741,0.202991163,0.0262657,-0.069057105,0.241610377,0.0587249,-0.080358713,0.27752482,0.088430397,-0.106277822,0.248842152,0.112789911,-0.132258006,0.158879097,0.132459664,-0.141939559,0.137747184,0.155725708,-0.178173672,0.112001306,0.170678856,-0.225712909,0.065113503,0.168777316
Sep-13,-0.010889,0.000508489,0.00669638,-0.039628,0.129270305,0.0232032,-0.073997066,0.244601163,0.0547333,-0.086926162,0.264893909,0.085736489,-0.107023843,0.271106079,0.112127191,-0.136725092,0.184864586,0.132442204,-0.148677028,0.141181118,0.154760051,-0.173638143,0.123450366,0.17445549,-0.222907483,0.0850975,0.176635864
Oct-13,-0.008562,-0.02701,0.00626756,-0.033319,0.0227634,0.0207456,-0.073767178,0.212789809,0.0498814,-0.092271209,0.222491081,0.081885862,-0.106643304,0.253747142,0.110224099,-0.136199245,0.190609092,0.132424302,-0.154976919,0.11907675,0.152997032,-0.169635605,0.105529422,0.175418253,-0.214803042,0.073124742,0.184017893
Nov-13,-0.0073695,-0.022147,0.00647972,-0.026821,-0.048648,0.0194437,-0.069561833,0.154343193,0.0457093,-0.095877681,0.192962407,0.078168517,-0.107179289,0.22887685,0.107874056,-0.133098398,0.200194182,0.13223357,-0.159078581,0.110231127,0.151903323,-0.168760135,0.089099214,0.175169367,-0.204994248,0.063353336,0.190122515
Dec-13,-0.007954,0.00590655,0.00696418,-0.023886,-0.04325,0.0197115,-0.063513752,0.086020395,0.0429146,-0.097882791,0.201351253,0.074444716,-0.110811887,0.221643999,0.105447946,-0.130909568,0.227856169,0.131838648,-0.160610817,0.141614676,0.152153661,-0.172562753,0.097931208,0.174471508,-0.197523868,0.080200456,0.194166947
Jan-14,-0.012514,0.0215091,0.00673595,-0.027838,0.00526879,0.0201798,-0.061156,0.0280322,0.0409254,-0.101605079,0.218058595,0.070061285,-0.120109109,0.227759867,0.10206571,-0.134481204,0.259015928,0.130403948,-0.164037146,0.195877878,0.15260415,-0.182814819,0.124345536,0.17317688,-0.197473505,0.110798208,0.195598101
Feb-14,-0.020281,0.0126748,0.00503022,-0.04075,0.0400905,0.0187303,-0.067570299,-0.008558,0.038174,-0.110311556,0.194433652,0.064439695,-0.136627404,0.233052866,0.096898865,-0.147929012,0.268967308,0.126604404,-0.173848121,0.240284641,0.150963919,-0.199828305,0.150321585,0.170633671,-0.209509858,0.129189673,0.193899715
Mar-14,-0.030306,-0.009443,0.00305978,-0.063101187,0.0247411,0.0148259,-0.086986912,-0.018509,0.0345374,-0.126614939,0.110761533,0.0577406,-0.160983978,0.22609239,0.08927066,-0.173913074,0.246385136,0.12027389,-0.194010755,0.252597307,0.146664592,-0.223712004,0.166355813,0.166979605,-0.23566394,0.122672346,0.189297452
Apr-14,-0.03357,-0.024695,0.00199984,-0.08415691,-0.021463,0.0100898,-0.11199481,-0.016194,0.0302697,-0.145313318,0.00656929,0.0510152,-0.185761988,0.196595733,0.080151123,-0.204266019,0.206297005,0.112155548,-0.218638114,0.237553066,0.140493786,-0.248194055,0.174415016,0.162693988,-0.266971729,0.102882674,0.183266718
May-14,-0.023071,-0.024242,0.00214666,-0.08694639,-0.05838,0.00720627,-0.127696113,-0.018289,0.0259366,-0.154516689,-0.066937083,0.0453803,-0.197257946,0.13605408,0.071645969,-0.223573794,0.174673294,0.104105139,-0.234875402,0.210587737,0.133810678,-0.260794511,0.181905069,0.158170193,-0.286774695,0.091942013,0.177839945
Jun-14,-0.0046129,-0.011671,0.00321952,-0.061253,-0.060608,0.00736601,-0.124354557,-0.035866,0.022192,-0.148240282,-0.079116296,0.0419034,-0.187868309,0.050154,0.06510659,-0.222237348,0.165484867,0.096636674,-0.235166444,0.185777613,0.127639904,-0.255264125,0.191989784,0.154030607,-0.284965374,0.10574829,0.174345619
Jul-14,0.00397881,-0.002645,0.0039345,-0.023705,-0.038558,0.0093007,-0.107861764,-0.06002,0.0193905,-0.135699665,-0.054752,0.0395704,-0.169018172,-0.031988,0.0603159,-0.209466843,0.158038098,0.089451799,-0.227970874,0.16773937,0.121456224,-0.242342969,0.198995431,0.149794461,-0.27189891,0.135857381,0.171994664
Aug-14,-0.0037625,-0.003128,0.0039215,-0.0043965,-0.017444,0.0110755,-0.091342933,-0.075823371,0.0182818,-0.132092657,-0.035733,0.0370121,-0.158913232,-0.084380882,0.0564558,-0.20165449,0.118610281,0.082721485,-0.227970338,0.157229495,0.115180656,-0.239271946,0.193143938,0.144886194,-0.265191055,0.16446127,0.169245709
Sep-14,-0.021575,-0.01064,0.00333404,-0.021359,-0.016413,0.01119,-0.082612006,-0.077020847,0.018556,-0.145713193,-0.05228,0.033382,-0.169598918,-0.095529619,0.0530934,-0.209226945,0.0337407,0.076296624,-0.243595984,0.149071544,0.107826708,-0.25652508,0.169364289,0.138829938,-0.27662276,0.17557646,0.165220641
Oct-14,-0.031376,-0.018149,0.00334525,-0.056713,-0.031917,0.0106008,-0.08041808,-0.070474948,0.0199015,-0.16457499,-0.09193781,0.0299913,-0.19241289,-0.086669024,0.0501711,-0.225731398,-0.063905659,0.070916709,-0.266180069,0.126120785,0.100052583,-0.284684099,0.135822057,0.132057008,-0.299056194,0.167078118,0.160395246
Nov-14,-0.026192,-0.023188,0.00418049,-0.079142343,-0.051978,0.0108598,-0.083538887,-0.069421332,0.0219353,-0.170485277,-0.127800904,0.0291416,-0.211235,-0.087710446,0.0478719,-0.238055576,-0.136358416,0.067315579,-0.280796833,0.066632748,0.093581266,-0.307112681,0.105251961,0.126040436,-0.318414289,0.141166404,0.155745975
Dec-14,-0.009879,-0.02505,0.00545674,-0.067446724,-0.066387496,0.0129825,-0.088805359,-0.082800819,0.0241725,-0.15005873,-0.143408342,0.0315385,-0.213159916,-0.118667205,0.0463645,-0.237045641,-0.161917115,0.066075939,-0.276673669,-0.032647,0.089279114,-0.311042707,0.082684048,0.120809198,-0.323971804,0.102976794,0.151812428
Jan-15,0.000741668,-0.0217,0.00607313,-0.035329,-0.069938917,0.0157104,-0.092042498,-0.10185623,0.0263111,-0.115747352,-0.140413865,0.0356118,-0.199904262,-0.161876727,0.0457017,-0.227742163,-0.156607941,0.065881511,-0.26106067,-0.133844575,0.086627074,-0.301509341,0.0561819,0.115762948,-0.320013371,0.06588314,0.147767373
Feb-15,-0.000027977,-0.011007,0.00523251,-0.009166,-0.057757,0.0167624,-0.088308019,-0.109734741,0.0276222,-0.092704562,-0.12717854,0.0386977,-0.179650952,-0.185558112,0.045904,-0.220400676,-0.145467653,0.064634303,-0.247221251,-0.194115623,0.084077962,-0.289962508,0.0088755,0.11034365,-0.316278357,0.0474948,0.14280282
Mar-15,-0.00853,0.00255453,0.00403223,-0.007816,-0.030152,0.0153379,-0.075262925,-0.096539968,0.0283204,-0.096621561,-0.112953292,0.0395104,-0.157874931,-0.173560815,0.0468764,-0.220976118,-0.148819678,0.0617024,-0.244861843,-0.192069588,0.081413811,-0.28448987,-0.062799282,0.104616986,-0.318858909,0.0525316,0.13614707
Apr-15,-0.015398,0.0127071,0.00345557,-0.023956,0.00425511,0.0127203,-0.059285,-0.065683804,0.0284307,-0.115998275,-0.097601117,0.0390315,-0.13970313,-0.136158752,0.0483321,-0.223860039,-0.157621614,0.058422,-0.25169794,-0.152352828,0.07860183,-0.285016447,-0.129589463,0.099347393,-0.325465118,0.060437,0.128483267
May-15,-0.016498,0.0165811,0.00362914,-0.040425,0.0318428,0.0111169,-0.049591,-0.025914,0.0278793,-0.128733351,-0.077891973,0.0387391,-0.133129894,-0.095335772,0.0498146,-0.220076284,-0.153715344,0.0570209,-0.260826007,-0.113624885,0.075751248,-0.287646583,-0.162272855,0.095194907,-0.33038784,0.0407183,0.121460595
Jun-15,-0.01327,0.0148405,0.00437683,-0.045165,0.0441287,0.0114615,-0.052981,0.0139763,0.0267994,-0.12042805,-0.052411,0.0397819,-0.141786685,-0.068824558,0.0509719,-0.203040056,-0.129432081,0.058338,-0.266141243,-0.104690943,0.073163896,-0.290026968,-0.147940853,0.092875353,-0.329654995,-0.018671,0.116078527
Jul-15,-0.010985,0.0100177,0.00469222,-0.040752,0.0414393,0.0126982,-0.06470778,0.0456944,0.0254185,-0.100037053,-0.024245,0.0411289,-0.156750278,-0.056162,0.0517297,-0.180455133,-0.094719487,0.0610303,-0.264612042,-0.116182349,0.071120171,-0.292449943,-0.110913563,0.091300019,-0.325768451,-0.088150198,0.112045581
Aug-15,-0.011796,0.00300567,0.00430949,-0.036051,0.0278638,0.0133785,-0.076475844,0.0597066,0.0244955,-0.085641519,0.00194938,0.0412579,-0.164783862,-0.050028,0.0521177,-0.169180406,-0.067471954,0.063193171,-0.256126796,-0.125851526,0.070399445,-0.296876519,-0.085761068,0.089129793,-0.323697095,-0.134409038,0.108573452
Sep-15,-0.014053,-0.0041998,0.00324947,-0.036834,0.0088235,0.0122512,-0.081998998,0.0529522,0.0237127,-0.089815199,0.0227997,0.0390506,-0.157261923,-0.043588,0.0520331,-0.178620559,-0.060001,0.063223127,-0.239873929,-0.120608594,0.070589141,-0.302975116,-0.095867457,0.085415085,-0.326860841,-0.139117367,0.105126542
Oct-15,-0.014755,-0.0050009,0.00235944,-0.040604,-0.006195,0.0099184,-0.081356308,0.0352442,0.0226166,-0.105312086,0.0394993,0.0353369,-0.140641358,-0.03044,0.0510473,-0.197354584,-0.062357,0.0616481,-0.221059438,-0.100914528,0.070948745,-0.305216348,-0.12237739,0.081038583,-0.333054248,-0.117108604,0.101218431
Nov-15,-0.012466,0.002568,0.00177693,-0.041274,-0.0066327,0.00738585,-0.077324598,0.0212311,0.0207644,-0.11774993,0.0530739,0.0318813,-0.126915606,-0.0046833,0.0486437,-0.206057949,-0.056661,0.0595035,-0.210454493,-0.074104661,0.070579022,-0.297400883,-0.132484233,0.077785296,-0.338150606,-0.092393774,0.096515644
Dec-15,-0.008119,0.0150958,0.00148312,-0.03534,0.012663,0.0056195,-0.072173571,0.0214864,0.0178707,-0.117338696,0.065615174,0.0293322,-0.125154897,0.0354627,0.0446701,-0.192601621,-0.030925,0.0576526,-0.213960257,-0.047338,0.068842628,-0.275213627,-0.107945641,0.076208643,-0.338314814,-0.083204503,0.091034587
Jan-16,-0.0052804,0.0221532,0.00149327,-0.025865,0.039817,0.00475333,-0.066469147,0.033622,0.0146717,-0.10722115,0.075061251,0.0273699,-0.131176928,0.079316363,0.0400902,-0.1665062,0.0093774,0.0558006,-0.223219426,-0.02254,0.066401396,-0.24692428,-0.061098,0.075702072,-0.33108119,-0.082560364,0.08579191
Feb-16,-0.0047884,0.0195098,0.00169169,-0.018187,0.0567588,0.00466808,-0.059462,0.0501261,0.0120539,-0.095512032,0.077989954,0.0254325,-0.135937364,0.109832722,0.0365494,-0.145103039,0.0520755,0.0533118,-0.224245382,0.000097981,0.06417159,-0.228641926,-0.017346,0.075247106,-0.315588316,-0.07572539,0.08245338
Mar-16,-0.006329,0.0119301,0.00209061,-0.016398,0.0535932,0.00527557,-0.051737,0.06625612,0.0108951,-0.088571357,0.075079607,0.0231463,-0.133736481,0.119208341,0.0346078,-0.141552683,0.089055869,0.0499457,-0.208999407,0.0226684,0.062928164,-0.230358042,0.00625505,0.074118198,-0.291611413,-0.054352,0.081484212
Apr-16,-0.0075723,0.00600281,0.00234727,-0.01869,0.0374428,0.00612957,-0.044555,0.077259803,0.0108829,-0.085158904,0.071064762,0.0208013,-0.125910907,0.112504027,0.0334995,-0.149866685,0.11675914,0.0462198,-0.185195957,0.0468202,0.0619302,-0.241909182,0.0149029,0.072530965,-0.265614037,-0.023655,0.08183164
May-16,-0.0075256,0.00343558,0.00228311,-0.021427,0.0213685,0.00672098,-0.039614,0.078127378,0.0113891,-0.080888416,0.071494671,0.0187749,-0.116938927,0.099358489,0.0321535,-0.157364259,0.131201257,0.0432704,-0.166529935,0.073444049,0.0600328,-0.245672278,0.0214665,0.070892574,-0.250068821,0.00402272,0.08196809
Jun-16,-0.0066862,0.0041267,0.00202578,-0.021784,0.0135651,0.00665615,-0.038182,0.067158255,0.0119317,-0.07352157,0.079821209,0.0175512,-0.110355443,0.088644695,0.0298024,-0.155520567,0.13277343,0.041264,-0.163336769,0.102620957,0.0566018,-0.230783493,0.0362335,0.069584317,-0.252142128,0.0198201,0.080774351
Jul-16,-0.0064289,0.00686626,0.00186343,-0.020641,0.0144285,0.00617232,-0.03933,0.0518713,0.0123019,-0.06519522,0.091688341,0.0170552,-0.105799526,0.0854933,0.0269736,-0.146551529,0.126932565,0.0396718,-0.170507306,0.131187678,0.0523921,-0.205836578,0.0612488,0.068102495,-0.262549804,0.0293314,0.07870328
Aug-16,-0.0073664,0.0113757,0.00192555,-0.020482,0.0223686,0.00581476,-0.041908,0.0437372,0.0125357,-0.060096,0.100496022,0.0172038,-0.101369917,0.093863316,0.0245897,-0.137420429,0.121727133,0.0379682,-0.177845761,0.153569901,0.0490852,-0.187011436,0.095812694,0.065847555,-0.26615378,0.0438352,0.076707336
Sep-16,-0.00853,0.0158413,0.00205897,-0.022326,0.0340833,0.00584796,-0.04411,0.0476484,0.0125041,-0.060508,0.10124154,0.0177797,-0.095847277,0.113904493,0.0233992,-0.13268115,0.12272798,0.0356504,-0.177846274,0.166856714,0.0471119,-0.185662476,0.136704242,0.0624498,-0.2531092,0.070316746,0.075432273
Oct-16,-0.008372,0.0174361,0.00218383,-0.024269,0.0446531,0.00616836,-0.044909,0.0590816,0.0123407,-0.063599186,0.096524399,0.0184702,-0.089464028,0.136341426,0.0232236,-0.130068334,0.130146385,0.033142,-0.170820337,0.17158565,0.0458402,-0.194776114,0.175840763,0.0585605,-0.230105386,0.105901846,0.074270851
Nov-16,-0.0061468,0.0151647,0.00221395,-0.023049,0.0484421,0.00645675,-0.043531,0.070810787,0.0122715,-0.064957565,0.092179322,0.0189925,-0.083144998,0.148938165,0.0236606,-0.124419085,0.142305458,0.0310464,-0.160469597,0.170169276,0.044425,-0.200894928,0.202012044,0.0555419,-0.210060604,0.144254836,0.072304307
Dec-16,-0.0024138,0.010296,0.00217266,-0.016933,0.0428968,0.00657044,-0.039258,0.076980068,0.0124184,-0.061042,0.090545156,0.0190745,-0.077440091,0.144138323,0.0243501,-0.112779789,0.156801276,0.0299696,-0.149613662,0.165624763,0.0422208,-0.194778787,0.209753497,0.0536823,-0.202594988,0.179601024,0.069020222
Jan-17,0.000810462,0.00633396,0.00216251,-0.0077501,0.0317947,0.00654912,-0.032019,0.076447767,0.0127175,-0.05266,0.090876304,0.0188898,-0.071349267,0.128319081,0.0250194,-0.097214109,0.168136108,0.0297727,-0.137818414,0.161941067,0.0396911,-0.178570417,0.203380332,0.0523893,-0.202526194,0.207635445,0.065109607
Feb-17,0.00268951,0.00387011,0.00203251,0.00108622,0.0205,0.00636768,-0.021963,0.06894219,0.0128244,-0.042444,0.091310834,0.0186392,-0.063871343,0.112679369,0.0253602,-0.082058776,0.169438212,0.0300283,-0.123332863,0.162805505,0.0374141,-0.159383374,0.190669323,0.0507927,-0.199808706,0.222512091,0.0619096
Mar-17,0.00319821,0.00354719,0.00202733,0.00669818,0.0137513,0.00622235,-0.010234,0.056648,0.0127928,-0.03256,0.090731327,0.0186407,-0.054344,0.104296415,0.0252969,-0.07074191,0.157889582,0.0305725,-0.106081608,0.170552535,0.036192,-0.142915481,0.179376022,0.0484432,-0.188080606,0.223504756,0.0599047
Apr-17,0.0015739,0.00569609,0.00211888,0.00746162,0.0131134,0.00617872,-0.00028846,0.0449081,0.0127278,-0.024557,0.089561153,0.0188962,-0.045198,0.10398969,0.0250685,-0.063887648,0.141432467,0.0311981,-0.08975249,0.181249494,0.0359514,-0.130356795,0.175054453,0.0458698,-0.171108799,0.216493718,0.058568
May-17,-0.0028004,0.0103237,0.00217373,0.00197173,0.019567,0.00631994,0.00305795,0.040067,0.0126876,-0.019991,0.088509143,0.0191444,-0.040473,0.110877788,0.0249591,-0.0619,0.132246322,0.0316801,-0.080087044,0.189005166,0.0363482,-0.121361131,0.182372459,0.0437341,-0.157411643,0.210236276,0.0571126
Jun-17,-0.008274,0.015711,0.0022261,-0.0095,0.0317307,0.00651871,-0.0028022,0.045482,0.0127411,-0.019735,0.088378792,0.0193115,-0.04206,0.122462076,0.0251595,-0.063844509,0.136027165,0.0318156,-0.080242295,0.189620332,0.0370912,-0.115581993,0.202283285,0.0427107,-0.152415866,0.211106772,0.0549619
Jul-17,-0.010336,0.0170551,0.00217602,-0.021411,0.0430898,0.00657584,-0.013949,0.0562032,0.0127546,-0.021699,0.08799786,0.0193037,-0.045968,0.132650945,0.025472,-0.066608531,0.147079482,0.0316444,-0.085298288,0.184522259,0.0377739,-0.11116313,0.224339286,0.0425272,-0.151767435,0.218144245,0.0524457
Aug-17,-0.0073586,0.0131776,0.00202334,-0.025969,0.0459437,0.00642545,-0.023997,0.065510626,0.0127454,-0.022911,0.086010672,0.0191131,-0.04596,0.134452815,0.0255698,-0.066441609,0.15682146,0.0313846,-0.087868505,0.178189994,0.0381056,-0.106055938,0.234948838,0.0427737,-0.147330025,0.228316131,0.0501595
Sep-17,-0.00088913,0.00604113,0.00175791,-0.018584,0.0362738,0.00595726,-0.028084,0.068004561,0.012476,-0.021386,0.08175582,0.0186983,-0.038319,0.124652603,0.0252688,-0.060645,0.158735887,0.0311167,-0.082428623,0.172300976,0.0377729,-0.098826409,0.225894143,0.0430484,-0.134166107,0.238557096,0.0486679
Oct-17,0.00270792,0.00314182,0.00173302,-0.0055398,0.0223605,0.00551426,-0.02695,0.06545029,0.0120901,-0.019489,0.078563675,0.0182688,-0.027239,0.110358357,0.0248179,-0.051508,0.155011442,0.0309863,-0.072148374,0.16943998,0.0371586,-0.090838131,0.206882757,0.0432882,-0.116702973,0.246699783,0.0480415
Nov-17,0.00165446,0.00626706,0.00199079,0.00347325,0.01545,0.00548172,-0.022496,0.0613937,0.0119072,-0.020524,0.080960631,0.0182271,-0.019438,0.101460678,0.0245948,-0.042487,0.149902821,0.0310515,-0.062968363,0.172271465,0.0368663,-0.084395259,0.19364,0.0435873,-0.102582692,0.250398843,0.0482554
Dec-17,-0.0021359,0.0130389,0.00243273,0.00222645,0.0224477,0.00615654,-0.016358,0.0587215,0.0121138,-0.025858,0.090452297,0.0186325,-0.01916,0.104203556,0.0248549,-0.036092,0.147100339,0.0314253,-0.058418,0.181183624,0.0372733,-0.080202174,0.194748712,0.0439294,-0.09659996,0.248341879,0.049205
Jan-18,-0.0028303,0.0165763,0.00278823,-0.0033118,0.0358823,0.00721175,-0.008852,0.0582428,0.012726,-0.030262,0.101332548,0.0193019,-0.022801,0.114445934,0.0254806,-0.030551,0.146240616,0.0320297,-0.05482,0.190893701,0.0381981,-0.075460132,0.205322238,0.0443704,-0.094149889,0.242765015,0.0504999
Feb-18,0.00138558,0.0137353,0.0027328,-0.0035806,0.0433505,0.0079538,-0.0001074,0.0588005,0.0134355,-0.026076,0.104744129,0.0198609,-0.024105,0.124311083,0.0261809,-0.023018,0.14481113,0.0325486,-0.046068,0.193253273,0.0390053,-0.066549004,0.215621917,0.0448201,-0.0879759,0.236990452,0.0515411
Mar-18,0.0080485,0.0083412,0.00264103,0.00660376,0.0386528,0.0081621,0.0088302,0.0611005,0.0143186,-0.009754,0.097374323,0.0202759,-0.019254,0.129105073,0.0267946,-0.012556,0.142856332,0.0330169,-0.029489,0.185753114,0.0395874,-0.051814,0.219836399,0.0454353,-0.073598411,0.233401488,0.0520915
Apr-18,0.0110349,0.00466727,0.00260042,0.020469,0.0267437,0.0079743,0.0171572,0.06262596,0.015186,0.0116174,0.084986458,0.0207003,-0.009793,0.12807625,0.0272761,-0.0023317,0.141189636,0.0334548,-0.010082,0.172984318,0.040004,-0.034351,0.217637403,0.0461723,-0.054991,0.23206594,0.0523446
May-18,0.00756871,0.00373986,0.00247499,0.0266521,0.0167483,0.00771644,0.0230715,0.0600988,0.0156702,0.0265447,0.07554876,0.0211519,0.000575805,0.121492432,0.0275774,0.00254754,0.141059385,0.0338973,0.00363376,0.161559432,0.040265,-0.019415,0.210001575,0.0467218,-0.039897,0.23237022,0.0525365
Jun-18,0.000361621,0.00518983,0.00237367,0.0189652,0.0135969,0.00744908,0.025569,0.0522497,0.0156111,0.0277954,0.074697462,0.0217677,0.0092113,0.110971273,0.027725,-0.00028905,0.142702022,0.0342437,0.00640913,0.156453281,0.040466,-0.010523,0.199350064,0.0470364,-0.032849,0.233433349,0.0528844
Jul-18,-0.0034302,0.00665337,0.00233532,0.00450017,0.0155831,0.00718398,0.0249691,0.0423268,0.0151582,0.0216574,0.078209017,0.02237,0.0161175,0.100569515,0.0278843,-0.0052931,0.143659307,0.0344601,0.00216851,0.156772692,0.0406388,-0.0055816,0.188567374,0.0471879,-0.02985,0.233220459,0.0533563
Aug-18,-0.0013256,0.0074573,0.00241307,-0.0043941,0.0193005,0.00712206,0.0222579,0.0360488,0.0148385,0.0186773,0.079399256,0.0227923,0.0221506,0.094849262,0.028274,-0.0038183,0.140792934,0.0346994,-0.0018466,0.160359887,0.0410194,-0.00076039,0.180859934,0.0473871,-0.02381,0.229302077,0.0538438
Sep-18,0.00483334,0.00727132,0.00246601,0.00007757,0.021382,0.00721441,0.0190428,0.0349789,0.0146635,0.0256466,0.07363172,0.0228256,0.027873,0.096079457,0.0289821,0.0092889,0.132353268,0.0349394,-0.00021148,0.164084017,0.0414581,0.0064867,0.177835276,0.0476804,-0.010446,0.220732059,0.0542509
Oct-18,0.0092728,0.00651639,0.00254266,0.0127805,0.021245,0.00742174,0.0172807,0.0368281,0.0146057,0.0377496,0.06357177,0.02258,0.0344379,0.099454028,0.0297917,0.028898,0.121814526,0.035306,0.00748738,0.164904318,0.0418818,0.014949,0.178017703,0.0480606,0.00719892,0.209812385,0.0546097
Nov-18,0.0102168,0.00512332,0.00258186,0.0243229,0.018911,0.00759054,0.0199288,0.0382115,0.0147126,0.0465809,0.0549598,0.022429,0.0430002,0.098310283,0.0303828,0.0464735,0.113760289,0.0358645,0.0205046,0.159703961,0.04229,0.0224763,0.179270914,0.0486099,0.0235626,0.199770961,0.0549776
Dec-18,0.00778517,0.00307147,0.00258475,0.0272748,0.0147112,0.00770927,0.0273523,0.0360932,0.0149237,0.0463176,0.0496901,0.0223728,0.0529213,0.088342898,0.0305348,0.0551478,0.110790634,0.0366914,0.0365637,0.147064445,0.0426486,0.0270633,0.178795195,0.0491673,0.0337615,0.192546454,0.0553897
Jan-19,0.00206446,0.000374157,0.00259264,0.0200665,0.0085689,0.00775925,0.032847,0.029814,0.015181,0.0373471,0.045397,0.022365,0.0578161,0.072140717,0.0303392,0.0545043,0.108022975,0.037551,0.0489645,0.130383473,0.0430652,0.0275539,0.173473265,0.0496411,0.0350155,0.186586651,0.0558198
Feb-19,-0.0065852,-0.0028194,0.00240148,0.00326445,0.000626277,0.00757886,0.0275874,0.0195373,0.0151694,0.0231932,0.0388378,0.0222915,0.0498453,0.0555861,0.0300079,0.0462647,0.09893656,0.0379617,0.0497379,0.114386566,0.0434434,0.0237691,0.160330238,0.0498688,0.0257408,0.179897192,0.0561888
Mar-19,-0.01853,-0.0066516,0.00230237,-0.023051,-0.009097,0.00729648,0.00422381,0.00561437,0.0150057,0.00430138,0.0269964,0.0222202,0.0232666,0.0405933,0.0296692,0.0298704,0.079246087,0.0378313,0.0320968,0.101693823,0.0439878,0.0135127,0.137967634,0.0499451,0.00401233,0.169698384,0.0564638
